{
    "wav2vec": {
        "accuracy": 0.323397913561848,
        "precision": 0.32198833394526377,
        "recall": 0.323397913561848,
        "f1": 0.3226913217318708
    },
    "yamnet": {
        "accuracy": 0.3114754098360656,
        "precision": 0.2812753228978138,
        "recall": 0.3114754098360656,
        "f1": 0.2955051714930423
    },
    "majority_voting": {
        "accuracy": 0.3293591654247392,
        "precision": 0.2702135710232886,
        "recall": 0.3293591654247392,
        "f1": 0.2966493049746199
    },
    "weighted_average": {
        "accuracy": 0.323397913561848,
        "precision": 0.32198833394526377,
        "recall": 0.323397913561848,
        "f1": 0.3226913217318708
    },
    "meta_classifier": {
        "accuracy": 0.9567809239940388,
        "precision": 0.956767199939662,
        "recall": 0.9567809239940388,
        "f1": 0.9567709218935977
    },
    "best_method": {
        "name": "meta_classifier",
        "f1_score": 0.9567709218935977,
        "parameters": {
            "type": "RandomForestClassifier",
            "params": {
                "bootstrap": true,
                "ccp_alpha": 0.0,
                "class_weight": null,
                "criterion": "gini",
                "max_depth": null,
                "max_features": "sqrt",
                "max_leaf_nodes": null,
                "max_samples": null,
                "min_impurity_decrease": 0.0,
                "min_samples_leaf": 1,
                "min_samples_split": 2,
                "min_weight_fraction_leaf": 0.0,
                "monotonic_cst": null,
                "n_estimators": 100,
                "n_jobs": null,
                "oob_score": false,
                "random_state": 42,
                "verbose": 0,
                "warm_start": false
            }
        }
    }
}